"zipcode","year","tc","gradrate","Income","size"
10012,2001,3069,,,
10012,2002,2715,,,
10012,2003,2649,,,
10012,2004,2383,,,
10012,2005,2305,,,
10012,2006,2013,,,
10012,2007,1914,,,
10012,2008,1708,,,
10012,2009,1578,,,
10012,2010,1445,,,
10012,2011,1402,,"95,577",1.71
10013,2001,3069,58.9,,
10013,2002,2715,43.9,,
10013,2003,2649,35.1,,
10013,2004,2383,40.4,,
10013,2005,2305,50.6,,
10013,2006,2013,52,,
10013,2007,1914,65.7,,
10013,2008,1708,70.5,,
10013,2009,1578,70.1,,
10013,2010,1445,90.05,,
10013,2011,1402,42.8,"220,757",2.13
10004,2001,3069,60,,
10004,2002,2715,63.4,,
10004,2003,2649,55.7,,
10004,2004,2383,73.9,,
10004,2005,2305,73.8,,
10004,2006,2013,67.9,,
10004,2007,1914,71.4,,
10004,2008,1708,71.3,,
10004,2009,1578,70.9,,
10004,2010,1445,85.4,,
10004,2011,1402,80.17,"181,042",1.81
10006,2001,3069,69.5,,
10006,2002,2715,62.8,,
10006,2003,2649,61.3,,
10006,2004,2383,68.8,,
10006,2005,2305,68.9,,
10006,2006,2013,69.4,,
10006,2007,1914,64.1,,
10006,2008,1708,64.7,,
10006,2009,1578,64.5,,
10006,2010,1445,73,,
10006,2011,1402,68.75,"161,202",1.68
10007,2001,3069,,,
10007,2002,2715,,,
10007,2003,2649,,,
10007,2004,2383,,,
10007,2005,2305,,,
10007,2006,2013,,,
10007,2007,1914,,,
10007,2008,1708,,,
10007,2009,1578,,,
10007,2010,1445,,,
10007,2011,1402,,"430,777",2.1
10280,2001,3069,,,
10280,2002,2715,,,
10280,2003,2649,,,
10280,2004,2383,,,
10280,2005,2305,,,
10280,2006,2013,,,
10280,2007,1914,,,
10280,2008,1708,,,
10280,2009,1578,,,
10280,2010,1445,,,
10280,2011,1402,,"182,441",1.94
10282,2001,3069,68.6,,
10282,2002,2715,96,,
10282,2003,2649,97.2,,
10282,2004,2383,97.8,,
10282,2005,2305,96.5,,
10282,2006,2013,99.1,,
10282,2007,1914,99.4,,
10282,2008,1708,98.2,,
10282,2009,1578,83.3,,
10282,2010,1445,98.9,,
10282,2011,1402,98.8,"316,718",2.16
10005,2001,1458,,,
10005,2002,1309,,,
10005,2003,1231,,,
10005,2004,1170,,,
10005,2005,1131,,,
10005,2006,1040,,,
10005,2007,1031,,,
10005,2008,1029,,,
10005,2009,975,,,
10005,2010,969,,,
10005,2011,962,,"175,864",1.67
10038,2001,1458,68.6,,
10038,2002,1309,65.8,,
10038,2003,1231,57.1,,
10038,2004,1170,50.1,,
10038,2005,1131,57.8,,
10038,2006,1040,60,,
10038,2007,1031,61.6,,
10038,2008,1029,51.2,,
10038,2009,975,61.3,,
10038,2010,969,51.5,,
10038,2011,962,49,"121,805",1.98
10014,2001,2141,,,
10014,2002,2059,,,
10014,2003,2068,,,
10014,2004,2174,,,
10014,2005,2055,,,
10014,2006,1979,,,
10014,2007,1837,,,
10014,2008,1738,,,
10014,2009,1633,,,
10014,2010,1530,,,
10014,2011,1504,,"175,237",1.59
10002,2001,892,66.7,,
10002,2002,908,63,,
10002,2003,864,68.9,,
10002,2004,857,75.2,,
10002,2005,804,75.2,,
10002,2006,864,75.3,,
10002,2007,856,72.1,,
10002,2008,807,72.4,,
10002,2009,702,72.3,,
10002,2010,702,68.35,,
10002,2011,704,68.7,"60,564",2.42
10003,2001,1672,59.1,,
10003,2002,1809,62.2,,
10003,2003,1801,61.2,,
10003,2004,1747,72.8,,
10003,2005,1664,73.3,,
10003,2006,1579,71.3,,
10003,2007,1519,70.5,,
10003,2008,1495,70,,
10003,2009,1523,70.1,,
10003,2010,1387,48.54,,
10003,2011,2115,56.07,"156,983",1.63
10009,2001,1672,69.5,,
10009,2002,1809,62.5,,
10009,2003,1801,62,,
10009,2004,1747,72.5,,
10009,2005,1664,71.8,,
10009,2006,1579,78.9,,
10009,2007,1519,72.7,,
10009,2008,1495,75.6,,
10009,2009,1523,6.6,,
10009,2010,1387,,,
10009,2011,2115,86.4,"86,010",1.99
10011,2001,877,58.2,,
10011,2002,831,61.1,,
10011,2003,1436,60.5,,
10011,2004,1466,71.9,,
10011,2005,1418,71.9,,
10011,2006,1469,70.4,,
10011,2007,1326,70.5,,
10011,2008,1321,70.6,,
10011,2009,1133,70.8,,
10011,2010,1049,76.1,,
10011,2011,1398,74.41,"193,307",1.61
10010,2001,3054,72.5,,
10010,2002,3145,78.9,,
10010,2003,3031,77.6,,
10010,2004,3071,79.8,,
10010,2005,2812,79.8,,
10010,2006,2716,80.7,,
10010,2007,2540,76.8,,
10010,2008,2518,,,
10010,2009,2389,,,
10010,2010,2136,,,
10010,2011,3317,,"150,684",1.68
10001,2001,6088,18.7,,
10001,2002,5265,,,
10001,2003,5105,,,
10001,2004,4730,19,,
10001,2005,4423,16.1,,
10001,2006,4173,13.5,,
10001,2007,3971,34.7,,
10001,2008,3708,33.9,,
10001,2009,3330,45.1,,
10001,2010,3069,28.9,,
10001,2011,6857,31.2,"151,316",1.72
10018,2001,6088,,,
10018,2002,5265,,,
10018,2003,5105,,,
10018,2004,4730,,,
10018,2005,4423,,,
10018,2006,4173,"$",,
10018,2007,3971,"$",,
10018,2008,3708,,,
10018,2009,3330,,,
10018,2010,3069,,,
10018,2011,6857,,"141,782",1.65
10016,2001,1990,58.5,,
10016,2002,1801,47.3,,
10016,2003,1796,48.5,,
10016,2004,1667,64.5,,
10016,2005,1397,64.4,,
10016,2006,1391,62,,
10016,2007,1277,65,,
10016,2008,1269,83.73,,
10016,2009,1018,75.2,,
10016,2010,990,80.2,,
10016,2011,937,85.3,"152,088",1.63
10017,2001,1990,,,
10017,2002,1801,,,
10017,2003,1796,,,
10017,2004,1667,,,
10017,2005,1397,,,
10017,2006,1391,,,
10017,2007,1277,,,
10017,2008,1269,,,
10017,2009,1018,,,
10017,2010,990,,,
10017,2011,937,,"161,962",1.52
10022,2001,1990,58.2,,
10022,2002,1801,63.7,,
10022,2003,1796,61.1,,
10022,2004,1667,68.3,,
10022,2005,1397,64.8,,
10022,2006,1391,72.2,,
10022,2007,1277,82.8,,
10022,2008,1269,83.73,,
10022,2009,1018,75.2,,
10022,2010,990,80.2,,
10022,2011,937,85.3,"221,140",1.62
10019,2001,5263,57.4,,
10019,2002,4508,61,,
10019,2003,4144,60.1,,
10019,2004,3992,72.6,,
10019,2005,3652,72.6,,
10019,2006,2945,71.3,,
10019,2007,2761,70.1,,
10019,2008,2718,65.8,,
10019,2009,2479,70,,
10019,2010,2331,64.8,,
10019,2011,2228,68.73,"137,685",1.63
10020,2001,5263,,,
10020,2002,4508,,,
10020,2003,4144,,,
10020,2004,3992,,,
10020,2005,3652,,,
10020,2006,2945,,,
10020,2007,2761,,,
10020,2008,2718,,,
10020,2009,2479,,,
10020,2010,2331,,,
10020,2011,2228,,0,0
10036,2001,5263,58.4,,
10036,2002,4508,60.6,,
10036,2003,4144,59.4,,
10036,2004,3992,,,
10036,2005,3652,69.8,,
10036,2006,2945,68.7,,
10036,2007,2761,66.7,,
10036,2008,2718,66.7,,
10036,2009,2479,66.7,,
10036,2010,2331,87.68,,
10036,2011,2228,82.55,"113,730",1.59
10021,2001,3784,76.2,,
10021,2002,3606,97,,
10021,2003,3310,99.1,,
10021,2004,3326,100,,
10021,2005,2892,99.1,,
10021,2006,2842,100,,
10021,2007,2582,97.8,,
10021,2008,2371,100,,
10021,2009,1940,97.3,,
10021,2010,1871,100,,
10021,2011,1828,100,"204,533",1.71
10028,2001,3784,,,
10028,2002,3606,,,
10028,2003,3310,,,
10028,2004,3326,,,
10028,2005,2892,,,
10028,2006,2842,,,
10028,2007,2582,,,
10028,2008,2371,,,
10028,2009,1940,,,
10028,2010,1871,,,
10028,2011,1828,,"203,702",1.79
10065,2001,3784,61.8,,
10065,2002,3606,56.3,,
10065,2003,3310,57.6,,
10065,2004,3326,70.6,,
10065,2005,2892,70.5,,
10065,2006,2842,67.5,,
10065,2007,2582,67.6,,
10065,2008,2371,66.9,,
10065,2009,1940,66,,
10065,2010,1871,70.33,,
10065,2011,1828,71.75,"202,954",1.72
10075,2001,3784,,,
10075,2002,3606,,,
10075,2003,3310,,,
10075,2004,3326,,,
10075,2005,2892,,,
10075,2006,2842,"$",,
10075,2007,2582,"$",,
10075,2008,2371,,,
10075,2009,1940,,,
10075,2010,1871,,,
10075,2011,1828,,"200,745",1.74
10128,2001,3784,58.4,,
10128,2002,3606,76.5,,
10128,2003,3310,76.2,,
,2004,3326,83.1,,
10128,2005,2892,84.7,,
10128,2006,2842,85.6,,
10128,2007,2582,66.9,,
10128,2008,2371,64.6,,
10128,2009,1940,46.2,,
10128,2010,1871,77.33,,
10128,2011,1828,,"176,612",1.85
10162,2001,3784,,,
10162,2002,3606,,,
10162,2003,3310,,,
10162,2004,3326,,,
10162,2005,2892,,,
10162,2006,2842,,,
10162,2007,2582,,,
10162,2008,2371,,,
10162,2009,1940,,,
10162,2010,1871,,,
10162,2011,1828,,"203,197",2.1
10023,2001,1509,59.2,,
10023,2002,1499,69.4,,
10023,2003,1510,60.6,,
10023,2004,1660,66.5,,
10023,2005,1519,66.7,,
10023,2006,1327,66.6,,
10023,2007,1259,65.2,,
10023,2008,1165,62.8,,
10023,2009,1056,63.2,,
10023,2010,970,47.21,,
10023,2011,858,76.71,"185,157",1.72
10024,2001,1509,57.8,,
10024,2002,1499,43.5,,
10024,2003,1510,38.9,,
10024,2004,1660,32.4,,
10024,2005,1519,35.3,,
10024,2006,1327,46.1,,
10024,2007,1259,36.7,,
10024,2008,1165,43,,
10024,2009,1056,34.6,,
10024,2010,970,60.63,,
10024,2011,858,61.38,"195,208",1.88
10069,2001,1509,,,
10069,2002,1499,,,
10069,2003,1510,,,
10069,2004,1660,,,
10069,2005,1519,,,
10069,2006,1327,,,
10069,2007,1259,,,
10069,2008,1165,,,
10069,2009,1056,,,
10069,2010,970,,,
10069,2011,858,,"231,506",1.93
10029,2001,1341,58.8,,
10029,2002,1258,69,,
10029,2003,1218,67.9,,
10029,2004,1110,76.7,,
10029,2005,1130,76.5,,
10029,2006,1008,71.5,,
10029,2007,984,77.1,,
10029,2008,1000,72.7,,
10029,2009,882,74.3,,
10029,2010,878,70.32,,
10029,2011,870,89.9,"60,941",2.45
10025,2001,1475,58.4,,
10025,2002,1453,12,,
10025,2003,1450,12,,
10025,2004,1408,24.4,,
10025,2005,1499,25.1,,
10025,2006,1313,27.5,,
10025,2007,1177,24.5,,
10025,2008,1148,17.9,,
10025,2009,986,87.5,,
10025,2010,1004,24.3,,
10025,2011,911,22.1,"120,674",1.98
10035,2001,1057,58.4,,
10035,2002,1088,58.6,,
10035,2003,1115,57.9,,
10035,2004,1131,70,,
10035,2005,1102,70.1,,
10035,2006,1101,57.9,,
10035,2007,1058,67.8,,
10035,2008,1063,67.1,,
10035,2009,914,68.5,,
10035,2010,899,34.45,,
10035,2011,880,38.13,"46,813",2.44
10027,2001,930,,,
10027,2002,922,,,
10027,2003,929,,,
10027,2004,909,,,
10027,2005,913,,,
10027,2006,889,72.6,,
10027,2007,780,61,,
10027,2008,758,68.3,,
10027,2009,650,70.2,,
10027,2010,670,74.53,,
10027,2011,616,79.2,"70,220",2.26
10026,2001,968,58.3,,
10026,2002,895,61.2,,
10026,2003,914,62.5,,
10026,2004,912,73,,
10026,2005,1005,73,,
10026,2006,1105,71.8,,
10026,2007,886,65.3,,
10026,2008,1003,70.3,,
10026,2009,897,71.4,,
10026,2010,892,93.5,,
10026,2011,911,64.2,"76,406",2.29
10031,2001,1211,59.7,,
10031,2002,1096,47.4,,
10031,2003,1154,70,,
10031,2004,1186,73.8,,
10031,2005,1101,73.6,,
10031,2006,1053,76.8,,
10031,2007,975,69.4,,
10031,2008,888,68.3,,
10031,2009,737,67,,
10031,2010,767,87.45,,
10031,2011,797,90.25,"56,188",2.72
10030,2001,1602,59.3,,
10030,2002,1446,71.8,,
10030,2003,1410,66.2,,
10030,2004,1455,76.3,,
10030,2005,1364,76,,
10030,2006,1475,71.9,,
10030,2007,1278,67.6,,
10030,2008,1204,65.8,,
10030,2009,1105,67.3,,
10030,2010,1103,60.23,,
10030,2011,1108,62.3,"52,572",2.29
10037,2001,1602,,,
10037,2002,1446,,,
10037,2003,1410,,,
10037,2004,1455,,,
10037,2005,1364,,,
10037,2006,1475,,,
10037,2007,1278,,,
10037,2008,1204,,,
10037,2009,1105,,,
10037,2010,1103,,,
10037,2011,1108,,"48,731",1.91
10039,2001,1602,59,,
10039,2002,1446,78.9,,
10039,2003,1410,53.7,,
10039,2004,1455,63.1,,
10039,2005,1364,63.4,,
10039,2006,1475,84.9,,
10039,2007,1278,60.3,,
10039,2008,1204,79.3,,
10039,2009,1105,77.9,,
10039,2010,1103,68.1,,
10039,2011,1108,70,"46,959",2.41
10032,2001,1214,59.7,,
10032,2002,1232,50,,
10032,2003,1201,75.5,,
10032,2004,1123,79,,
10032,2005,1000,73,,
10032,2006,948,81.3,,
10032,2007,918,65.4,,
10032,2008,921,64.8,,
10032,2009,876,66.4,,
10032,2010,884,59.55,,
10032,2011,877,70.15,"49,670",2.79
10033,2001,1690,,,
10033,2002,1718,,,
10033,2003,1586,,,
10033,2004,1656,,,
10033,2005,1502,,,
10033,2006,1403,"$",,
10033,2007,1359,"$",,
10033,2008,1327,66.3,,
10033,2009,1238,,,
10033,2010,1200,77.7,,
10033,2011,1283,74,"65,125",2.8
10034,2001,1690,,,
10034,2002,1718,,,
10034,2003,1586,,,
10034,2004,1656,,,
10034,2005,1502,,,
10034,2006,1403,"$",,
10034,2007,1359,"$",,
10034,2008,1327,48.6,,
10034,2009,1238,68,,
10034,2010,1200,41.8,,
10034,2011,1283,25,"58,725",2.58
10040,2001,1690,59.6,,
10040,2002,1718,55.6,,
10040,2003,1586,64.2,,
10040,2004,1656,70.1,,
10040,2005,1502,70.1,,
10040,2006,1403,71.2,,
10040,2007,1359,65.1,,
10040,2008,1327,64,,
10040,2009,1238,63.7,,
10040,2010,1200,68.92,,
10040,2011,1283,65.76,"62,395",2.61
10454,2001,2162,,,
10454,2002,2115,,,
10454,2003,2146,,,
10454,2004,2103,88.2,,
10454,2005,1950,89.4,,
10454,2006,1874,53.9,,
10454,2007,1827,49.7,,
10454,2008,1865,40,,
10454,2009,1645,27.7,,
10454,2010,1672,63.75,,
10454,2011,1667,74.7,"31,670",3.03
10455,2001,2162,59.7,,
10455,2002,2115,54.5,,
10455,2003,2146,64.2,,
10455,2004,2103,61.9,,
10455,2005,1950,62,,
10455,2006,1874,62.4,,
10455,2007,1827,65,,
10455,2008,1865,53.5,,
10455,2009,1645,54.6,,
10455,2010,1672,50.4,,
10455,2011,1667,49.06,"33,128",2.99
10459,2001,1440,,,
10459,2002,1405,52.1,,
10459,2003,1372,57.4,,
10459,2004,1320,67,,
10459,2005,1322,66,,
10459,2006,1277,66,,
10459,2007,1276,"$",,
10459,2008,1279,,,
10459,2009,1243,61.9,,
10459,2010,1271,40.44,,
10459,2011,1342,42.99,"36,133",2.99
10474,2001,1440,,,
10474,2002,1405,,,
10474,2003,1372,,,
10474,2004,1320,,,
10474,2005,1322,,,
10474,2006,1277,"$",,
10474,2007,1276,"$",,
10474,2008,1279,,,
10474,2009,1243,,,
10474,2010,1271,,,
10474,2011,1342,,"34,096",3.12
10451,2001,1686,58.8,,
10451,2002,1632,55.5,,
10451,2003,1639,56.9,,
10451,2004,1592,63.6,,
10451,2005,1684,63,,
10451,2006,1668,63.6,,
10451,2007,1563,58.6,,
10451,2008,1351,59.2,,
10451,2009,1142,59.7,,
10451,2010,1178,54.62,,
10451,2011,1243,60.12,"39,062",2.66
10462,2001,3329,58.1,,
10462,2002,3220,80.7,,
10462,2003,3084,65.3,,
10462,2004,2957,61.5,,
10462,2005,2840,49,,
10462,2006,2709,67.4,,
10462,2007,2592,61.8,,
10462,2008,2574,56.4,,
10462,2009,2423,61.7,,
10462,2010,2306,57.4,,
10462,2011,2382,52.1,"55,313",2.53
10472,2001,3329,56.5,,
10472,2002,3220,45.7,,
10472,2003,3084,48.7,,
10472,2004,2957,60,,
10472,2005,2840,59.5,,
10472,2006,2709,61.2,,
10472,2007,2592,47.5,,
10472,2008,2574,47,,
10472,2009,2423,47.5,,
10472,2010,2306,56.23,,
10472,2011,2382,75.62,"43,989",2.99
10473,2001,3329,59.1,,
10473,2002,3220,41.6,,
10473,2003,3084,49.5,,
10473,2004,2957,52.1,,
10473,2005,2840,51.8,,
10473,2006,2709,52.7,,
10473,2007,2592,48,,
10473,2008,2574,47.4,,
10473,2009,2423,46.9,,
10473,2010,2306,41.86,,
10473,2011,2382,48.79,"53,120",2.83
10452,2001,2895,,,
10452,2002,2764,,,
10452,2003,2505,,,
10452,2004,2440,,,
10452,2005,2350,,,
10452,2006,2289,"$",,
10452,2007,2217,"$",,
10452,2008,2167,,,
10452,2009,2046,,,
10452,2010,1994,,,
10452,2011,2072,,"35,555",3
10456,2001,2895,58.7,,
10456,2002,2764,54.5,,
10456,2003,2505,59.8,,
10456,2004,2440,65.9,,
10456,2005,2350,65.9,,
10456,2006,2289,66.5,,
10456,2007,2217,62.1,,
10456,2008,2167,65.2,,
10456,2009,2046,61.9,,
10456,2010,1994,54.95,,
10456,2011,2072,68.35,"34,536",2.98
10464,2001,1890,,,
10464,2002,1845,,,
10464,2003,1763,,,
10464,2004,1756,,,
10464,2005,1550,,,
10464,2006,1508,"$",,
10464,2007,1434,"$",,
10464,2008,1411,,,
10464,2009,1443,,,
10464,2010,1434,,,
10464,2011,1276,,"90,265",2.16
10465,2001,1890,,,
10465,2002,1845,,,
10465,2003,1763,,,
10465,2004,1756,,,
10465,2005,1550,,,
10465,2006,1508,"$",,
10465,2007,1434,"$",,
10465,2008,1411,,,
10465,2009,1443,,,
10465,2010,1434,,,
10465,2011,1276,,"82,114",2.57
10453,2001,2893,,,
10453,2002,2790,,,
10453,2003,2646,,,
10453,2004,2560,,,
10453,2005,2524,,,
10453,2006,2154,"$",,
10453,2007,2028,"$",,
10453,2008,1820,86,,
10453,2009,1568,59.6,,
10453,2010,1516,90.9,,
10453,2011,1614,94.3,"33,985",3.02
10468,2001,2893,58.8,,
10468,2002,2790,50,,
10468,2003,2646,58.9,,
10468,2004,2560,66.4,,
10468,2005,2524,64.6,,
10468,2006,2154,66.1,,
10468,2007,2028,63.9,,
10468,2008,1820,64.8,,
10468,2009,1568,65.6,,
10468,2010,1516,74.96,,
10468,2011,1614,73.34,"43,225",2.98
10466,2001,2306,,,
10466,2002,2081,,,
10466,2003,2100,,,
10466,2004,2061,69.7,,
10466,2005,2049,69.7,,
10466,2006,1998,68.9,,
10466,2007,1904,65.7,,
10466,2008,1960,65.2,,
10466,2009,1888,64.6,,
10466,2010,1965,72.16,,
10466,2011,1975,74,"55,669",2.87
10470,2001,2306,,,
10470,2002,2081,,,
10470,2003,2100,,,
10470,2004,2061,,,
10470,2005,2049,,,
10470,2006,1998,,,
10470,2007,1904,,,
10470,2008,1960,,,
10470,2009,1888,,,
10470,2010,1965,,,
10470,2011,1975,,"70,004",2.38
10475,2001,2306,57.9,,
10475,2002,2081,,,
10475,2003,2100,,,
10475,2004,2061,71.3,,
10475,2005,2049,71.2,,
10475,2006,1998,72.2,,
10475,2007,1904,67.6,,
10475,2008,1960,66.3,,
10475,2009,1888,65.2,,
10475,2010,1965,81.55,,
10475,2011,1975,79.8,"59,944",2.15
10457,2001,1917,,,
10457,2002,1921,55.3,,
10457,2003,1809,59,,
10457,2004,1732,69.2,,
10457,2005,1603,71,,
10457,2006,1652,69.7,,
10457,2007,1625,67.6,,
10457,2008,1580,65.7,,
10457,2009,1519,63.7,,
10457,2010,1490,43.61,,
10457,2011,1482,53.43,"36,013",2.97
10460,2001,1917,58.7,,
10460,2002,1921,41.8,,
10460,2003,1809,46.8,,
10460,2004,1732,57.5,,
10460,2005,1603,57.5,,
10460,2006,1652,59.9,,
10460,2007,1625,51.2,,
10460,2008,1580,66.4,,
10460,2009,1519,50.8,,
10460,2010,1490,53.96,,
10460,2011,1482,69.07,"34,899",2.88
10469,2001,2072,57.9,,
10469,2002,2109,58.7,,
10469,2003,1933,67.7,,
10469,2004,1919,66.5,,
10469,2005,1846,66.5,,
10469,2006,1793,67,,
10469,2007,1749,62.7,,
10469,2008,1715,62.9,,
10469,2009,1592,62.4,,
10469,2010,1681,56.87,,
10469,2011,1728,76.58,"69,954",2.84
10461,2001,2072,59.7,,
10461,2002,2109,23.55,,
10461,2003,1933,62,,
10461,2004,1919,56.7,,
10461,2005,1846,56.5,,
10461,2006,1793,51.5,,
10461,2007,1749,49.3,,
10461,2008,1715,48.7,,
10461,2009,1592,48.2,,
10461,2010,1681,63.7,,
10461,2011,1728,55.33,"69,608",2.44
10463,2001,1465,58.5,,
10463,2002,1356,44.1,,
10463,2003,1293,59.6,,
10463,2004,1239,67.8,,
10463,2005,1219,67.8,,
10463,2006,1125,68.8,,
10463,2007,1103,66.3,,
10463,2008,1085,66.2,,
10463,2009,1013,66,,
10463,2010,962,72.16,,
10463,2011,1020,69.16,"77,506",2.31
10471,2001,1465,,,
10471,2002,1356,,,
10471,2003,1293,,,
10471,2004,1239,,,
10471,2005,1219,,,
10471,2006,1125,,,
10471,2007,1103,,,
10471,2008,1085,,,
10471,2009,1013,,,
10471,2010,962,,,
10471,2011,1020,,"100,733",2.14
10467,2001,3121,57.4,,
10467,2002,3062,64.2,,
10467,2003,2877,70.8,,
10467,2004,2906,70.4,,
10467,2005,2697,70.5,,
10467,2006,2438,70.9,,
10467,2007,2425,66.4,,
10467,2008,2365,66.8,,
10467,2009,2219,67.1,,
10467,2010,2181,70.42,,
10467,2011,2174,68.63,"47,788",2.68
10458,2001,3121,58.3,,
10458,2002,3062,41.2,,
10458,2003,2877,56.6,,
10458,2004,2906,65.1,,
10458,2005,2697,65.1,,
10458,2006,2438,63.9,,
10458,2007,2425,63.4,,
10458,2008,2365,62.8,,
10458,2009,2219,63.3,,
10458,2010,2181,51.8,,
10458,2011,2174,66.34,"37,866",2.92
11224,2001,1811,,,
11224,2002,1831,,,
11224,2003,1710,,,
11224,2004,1508,70.4,,
11224,2005,1686,70.3,,
11224,2006,1624,60.5,,
11224,2007,1492,67.2,,
11224,2008,1453,65.7,,
11224,2009,1250,66,,
11224,2010,1323,41.7,,
11224,2011,1322,70.5,"47,290",2.34
11223,2001,2514,,,
11223,2002,2530,,,
11223,2003,2509,,,
11223,2004,2350,,,
11223,2005,2154,,,
11223,2006,1802,,,
11223,2007,1618,,,
11223,2008,1752,,,
11223,2009,1302,,,
11223,2010,1107,,,
11223,2011,1202,,"61,705",2.77
11229,2001,2514,,,
11229,2002,2530,63.6,,
11229,2003,2509,64,,
11229,2004,2350,66,,
11229,2005,2154,65.8,,
11229,2006,1802,70.4,,
11229,2007,1618,70.9,,
11229,2008,1752,74.6,,
11229,2009,1302,62.5,,
11229,2010,1107,75.9,,
11229,2011,1202,81.5,"70,010",2.61
11235,2001,2514,,,
11235,2002,2530,60.2,,
11235,2003,2509,60.9,,
11235,2004,2350,69.5,,
11235,2005,2154,69.8,,
11235,2006,1802,67.7,,
11235,2007,1618,,,
11235,2008,1752,68.8,,
11235,2009,1302,69.7,,
11235,2010,1107,58.06,,
11235,2011,1202,73.5,"67,317",2.3
11214,2001,2111,,,
11214,2002,2099,51.6,,
11214,2003,1976,54.2,,
11214,2004,1957,70.1,,
11214,2005,1985,70.1,,
11214,2006,1798,64.4,,
11214,2007,1583,68.6,,
11214,2008,1474,68.6,,
11214,2009,1332,67.7,,
11214,2010,1249,71.28,,
11214,2011,1212,75.6,"62,934",2.72
11234,2001,1743,,,
11234,2002,1701,,,
11234,2003,1720,,,
11234,2004,1634,,,
11234,2005,1652,,,
11234,2006,1645,,,
11234,2007,1577,,,
11234,2008,1589,,,
11234,2009,1440,,,
11234,2010,1335,,,
11234,2011,1339,,"85,437",2.81
11210,2001,1743,,,
11210,2002,1701,71.8,,
11210,2003,1720,71.8,,
11210,2004,1634,78.5,,
11210,2005,1652,78.6,,
11210,2006,1645,84,,
11210,2007,1577,79.3,,
11210,2008,1589,78.7,,
11210,2009,1440,78.2,,
11210,2010,1335,94.75,,
11210,2011,1339,80.9,"75,085",3
11204,2001,1873,35.9,,
11204,2002,1729,44.1,,
11204,2003,1636,45.7,,
11204,2004,1583,48.1,,
11204,2005,1570,48.1,,
11204,2006,1477,56.2,,
11204,2007,1422,63.4,,
11204,2008,1387,58.3,,
11204,2009,1363,72,,
11204,2010,1264,77.55,,
11204,2011,1273,76.25,"63,616",3.07
11218,2001,1873,,,
11218,2002,1729,,,
11218,2003,1636,,,
11218,2004,1583,,,
11218,2005,1570,,,
11218,2006,1477,"$",,
11218,2007,1422,"$",,
11218,2008,1387,,,
11218,2009,1363,,,
11218,2010,1264,,,
11218,2011,1273,,"72,945",2.95
11219,2001,1873,,,
11219,2002,1729,,,
11219,2003,1636,,,
11219,2004,1583,16.5,,
11219,2005,1570,21.9,,
11219,2006,1477,10.3,,
11219,2007,1422,3.5,,
11219,2008,1387,8.4,,
11219,2009,1363,58.8,,
11219,2010,1264,9.9,,
11219,2011,1273,16.7,"51,454",3.49
11203,2001,3655,,,
11203,2002,3344,43.1,,
11203,2003,2935,60.7,,
11203,2004,2782,68.5,,
11203,2005,2736,65.9,,
11203,2006,2619,64.2,,
11203,2007,2362,69.2,,
11203,2008,2310,66.8,,
11203,2009,2128,67.2,,
11203,2010,2120,74.76,,
11203,2011,2455,73.04,"60,629",2.81
11226,2001,3655,,,
11226,2002,3344,42,,
11226,2003,2935,54.1,,
11226,2004,2782,62.5,,
11226,2005,2736,63.2,,
11226,2006,2619,68.3,,
11226,2007,2362,62.8,,
11226,2008,2310,63.7,,
11226,2009,2128,63.3,,
11226,2010,2120,75.98,,
11226,2011,2455,64.7,"55,874",2.78
11209,2001,1687,,,
11209,2002,1670,50.6,,
11209,2003,1571,53.1,,
11209,2004,1488,57.8,,
11209,2005,1459,60.2,,
11209,2006,1436,71.6,,
11209,2007,1215,65.4,,
11209,2008,1174,70,,
11209,2009,986,59.2,,
11209,2010,914,68.2,,
11209,2011,950,74.9,"84,945",2.21
11220,2001,1687,,,
11220,2002,1670,66,,
11220,2003,1571,75,,
11220,2004,1488,76.8,,
11220,2005,1459,78.1,,
11220,2006,1436,10,,
11220,2007,1215,83.8,,
11220,2008,1174,83.3,,
11220,2009,986,70.3,,
11220,2010,914,87.1,,
11220,2011,950,87.5,"53,315",3.42
11228,2001,1687,,,
11228,2002,1670,,,
11228,2003,1571,,,
11228,2004,1488,,,
11228,2005,1459,,,
11228,2006,1436,,,
11228,2007,1215,,,
11228,2008,1174,,,
11228,2009,986,,,
11228,2010,914,,,
11228,2011,950,,"86,920",2.67
11236,2001,1745,,,
11236,2002,1708,51.2,,
11236,2003,1749,55.5,,
11236,2004,1557,66.6,,
11236,2005,1475,64,,
11236,2006,1415,60.7,,
11236,2007,1159,71.4,,
11236,2008,1193,61.2,,
11236,2009,1083,57.5,,
11236,2010,1023,57.48,,
11236,2011,1083,62.4,"73,164",2.91
11230,2001,3689,,,
11230,2002,3590,69.3,,
11230,2003,3466,65.6,,
11230,2004,3225,72.9,,
11230,2005,2985,69.5,,
11230,2006,2760,77.5,,
11230,2007,2466,80.6,,
11230,2008,2375,77.9,,
11230,2009,2077,66,,
11230,2010,1971,81.4,,
11230,2011,1912,83.1,"6,675",2.79
11225,2001,2599,,,
11225,2002,2421,45.5,,
11225,2003,2223,61.9,,
11225,2004,2025,69,,
11225,2005,2015,70.8,,
11225,2006,1863,67,,
11225,2007,1729,68.9,,
11225,2008,1654,68.8,,
11225,2009,1474,69.9,,
11225,2010,1469,54.38,,
11225,2011,1452,71.7,"59,118",2.52
11232,2001,1976,,,
11232,2002,1804,,,
11232,2003,1948,,,
11232,2004,1768,,,
11232,2005,1671,,,
11232,2006,1489,,,
11232,2007,1314,,,
11232,2008,1313,,,
11232,2009,1172,,,
11232,2010,1202,,,
11212,2001,2616,,,
11212,2002,2459,51.1,,
11212,2003,2280,55.1,,
11212,2004,2213,64.5,,
11212,2005,2174,64.6,,
11212,2006,2149,58.4,,
11212,2007,2127,61.8,,
11212,2008,2154,62.1,,
11212,2009,2011,62.5,,
11212,2010,2009,36.66,,
11212,2011,2135,,"40,233",2.73
11233,2001,2616,,,
11233,2002,2459,56.2,,
11233,2003,2280,62.5,,
11233,2004,2213,68.4,,
11233,2005,2174,68.1,,
11233,2006,2149,61.8,,
11233,2007,2127,63,,
11233,2008,2154,62.8,,
11233,2009,2011,62.7,,
11233,2010,2009,52.6,,
11233,2011,2135,,"49,486",2.57
11208,2001,4512,,,
11208,2002,4100,43.3,,
11208,2003,4048,47.9,,
11208,2004,3957,61.7,,
11208,2005,3514,63.5,,
11208,2006,3319,62.9,,
11208,2007,3262,61.2,,
11208,2008,3239,67.9,,
11208,2009,3044,62.2,,
11208,2010,3103,60.53,,
11208,2011,3393,,"45,934",3.21
11207,2001,4512,,,
11207,2002,4100,46.6,,
11207,2003,4048,51.2,,
11207,2004,3957,64.1,,
11207,2005,3514,63.7,,
11207,2006,3319,64.4,,
11207,2007,3262,61.4,,
11207,2008,3239,60.8,,
11207,2009,3044,60,,
11207,2010,3103,66.58,,
11207,2011,3393,,"45,940",2.94
11239,2001,4512,,,
11239,2002,4100,,,
11239,2003,4048,,,
11239,2004,3957,,,
11239,2005,3514,,,
11239,2006,3319,84.6,,
11239,2007,3262,85.7,,
11239,2008,3239,91.4,,
11239,2009,3044,86.6,,
11239,2010,3103,80,,
11239,2011,3393,,"38,019",2.11
11231,2001,748,,,
11231,2002,718,52.2,,
11231,2003,717,56.8,,
11231,2004,784,66,,
11231,2005,777,66.1,,
11231,2006,666,65.6,,
11231,2007,570,62,,
11231,2008,589,61.9,,
11231,2009,558,61.9,,
11231,2010,585,43.45,,
11231,2011,631,63.2,"118,321",2.19
11213,2001,2387,,,
11213,2002,2212,54.3,,
11213,2003,2060,59.6,,
11213,2004,1853,67.2,,
11213,2005,1649,67.2,,
11213,2006,1499,66.4,,
11213,2007,1602,68.6,,
11213,2008,1347,64.5,,
11213,2009,1164,64.8,,
11213,2010,1366,43.38,,
11213,2011,1599,65.7,"47,297",2.72
11217,2001,1312,,,
11217,2002,1259,51.4,,
11217,2003,1192,55.9,,
11217,2004,1173,67.5,,
11217,2005,1131,67.6,,
11217,2006,1085,66.3,,
11217,2007,973,64,,
11217,2008,965,64.1,,
11217,2009,888,64,,
11217,2010,845,49.48,,
11217,2011,863,67.4,"120,590",2.13
11215,2001,1312,,,
11215,2002,1259,44.2,,
11215,2003,1192,61.2,,
11215,2004,1173,71.8,,
11215,2005,1131,71.8,,
11215,2006,1085,66.3,,
11215,2007,973,67.4,,
11215,2008,965,61.4,,
11215,2009,888,58.9,,
11215,2010,845,52.22,,
11215,2011,863,67.6,"139,886",2.23
11216,2001,2438,,,
11216,2002,2228,59.9,,
11216,2003,2193,62.3,,
11216,2004,2168,69.7,,
11216,2005,2117,42.3,,
11216,2006,1996,62.3,,
11216,2007,2131,63.8,,
11216,2008,2040,65.5,,
11216,2009,1769,65.4,,
11216,2010,1829,62.2,,
11216,2011,1847,48.3,"63,003",2.31
11221,2001,1713,,,
11221,2002,1672,53.9,,
11221,2003,1598,58.5,,
11221,2004,1549,69.2,,
11221,2005,1508,69.2,,
11221,2006,1566,65.8,,
11221,2007,1539,69.8,,
11221,2008,1396,67.5,,
11221,2009,1286,51.58,,
11221,2010,1409,55.28,,
11221,2011,1458,70,"53,275",2.73
11237,2001,2308,,,
11237,2002,2260,,,
11237,2003,2192,,,
11237,2004,2109,67.6,,
11237,2005,2049,68,,
11237,2006,2072,72.2,,
11237,2007,1888,68.1,,
11237,2008,1878,62.3,,
11237,2009,1736,62.5,,
11237,2010,1836,62.15,,
11237,2011,1823,69.61,"57,515",3.16
11201,2001,1726,42,,
11201,2002,1667,57.5,,
11201,2003,1446,52.7,,
11201,2004,1366,66.3,,
11201,2005,1370,66.3,,
11201,2006,1283,66.1,,
11201,2007,1260,64.8,,
11201,2008,1199,62.3,,
11201,2009,993,62.5,,
11201,2010,987,62.15,,
11201,2011,1052,69.61,"151,787",1.96
11205,2001,1550,60.9,,
11205,2002,1478,,,
11205,2003,1389,,,
11205,2004,1350,68.1,,
11205,2005,1304,68.2,,
11205,2006,1198,67.4,,
11205,2007,1144,62.5,,
11205,2008,1120,62.8,,
11205,2009,1014,63.1,,
11205,2010,1146,,,
11205,2011,1114,56.38,"73,083",2.57
11238,2001,1550,,,
11238,2002,1478,66.4,,
11238,2003,1389,60.3,,
11238,2004,1350,69,,
11238,2005,1304,61.6,,
11238,2006,1198,74.6,,
11238,2007,1144,71.6,,
11238,2008,1120,71.1,,
11238,2009,1014,56.1,,
11238,2010,1146,67.6,,
11238,2011,1114,,"89,269",2.12
11211,2001,2035,,,
11211,2002,2111,54.9,,
11211,2003,2032,57.4,,
11211,2004,1965,72.3,,
11211,2005,1953,72.5,,
11211,2006,2025,75,,
11211,2007,1726,67.8,,
11211,2008,1892,70.7,,
11211,2009,1670,71.1,,
11211,2010,1733,73.61,,
11211,2011,1734,70.9,"77,466",2.67
11206,2001,2035,,,
11206,2002,2111,,,
11206,2003,2032,,,
11206,2004,1965,67.7,,
11206,2005,1953,67.6,,
11206,2006,2025,76,,
11206,2007,1726,70.7,,
11206,2008,1892,71.2,,
11206,2009,1670,85.2,,
11206,2010,1733,55.28,,
11206,2011,1734,70.63,"42,277",2.9
11222,2001,986,,,
11222,2002,995,40.8,,
11222,2003,1028,46.3,,
11222,2004,990,51.9,,
11222,2005,997,53.5,,
11222,2006,952,59.2,,
11222,2007,915,55.4,,
11222,2008,905,49.9,,
11222,2009,845,57.9,,
11222,2010,905,51.85,,
11222,2011,813,73.3,"80,886",2.16
11692,2001,448,,,
11692,2002,411,,,
11692,2003,350,,,
11692,2004,347,,,
11692,2005,372,,,
11692,2006,355,,,
11692,2007,367,,,
11692,2008,393,,,
11692,2009,350,,,
11692,2010,330,,,
11692,2011,525,,"58,042",2.84
11693,2001,448,,,
11693,2002,411,,,
11693,2003,350,,,
11693,2004,347,,,
11693,2005,372,,,
11693,2006,355,,,
11693,2007,367,,,
11693,2008,393,,,
11693,2009,350,,,
11693,2010,330,,,
11693,2011,525,,"62,443",2.48
11694,2001,448,,,
11694,2002,411,52.8,,
11694,2003,350,46.9,,
11694,2004,347,74.2,,
11694,2005,372,73.5,,
11694,2006,355,71.2,,
11694,2007,367,64.2,,
11694,2008,393,68.8,,
11694,2009,350,66.8,,
11694,2010,330,63.72,,
11694,2011,525,70.9,"95,102",2.31
11695,2001,448,,,
11695,2002,411,,,
11695,2003,350,,,
11695,2004,347,,,
11695,2005,372,,,
11695,2006,355,,,
11695,2007,367,,,
11695,2008,393,,,
11695,2009,350,,,
11695,2010,330,,,
11695,2011,525,,0,0
11697,2001,448,,,
11697,2002,411,,,
11697,2003,350,,,
11697,2004,347,,,
11697,2005,372,,,
11697,2006,355,,,
11697,2007,367,,,
11697,2008,393,,,
11697,2009,350,,,
11697,2010,330,,,
11697,2011,525,,"100,398",2.35
11690,2001,1139,,,
11690,2002,876,,,
11690,2003,757,,,
11690,2004,618,,,
11690,2005,613,,,
11690,2006,641,"$",,
11690,2007,700,"$",,
11690,2008,688,,,
11690,2009,659,,,
11690,2010,615,,,
11690,2011,631,,0,0
11691,2001,1139,,,
11691,2002,876,39.8,,
11691,2003,757,43.1,,
11691,2004,618,67.4,,
11691,2005,613,67.2,,
11691,2006,641,65.7,,
11691,2007,700,64.1,,
11691,2008,688,77.8,,
11691,2009,659,82.6,,
11691,2010,615,63.03,,
11691,2011,631,62.1,"56,999",2.93
11415,2001,2642,,,
11415,2002,2467,,,
11415,2003,2136,,,
11415,2004,1903,,,
11415,2005,1897,,,
11415,2006,1853,,,
11415,2007,1703,,,
11415,2008,1708,,,
11415,2009,1611,,,
11415,2010,1534,,,
11415,2011,1529,,"80,185",2.24
11421,2001,2642,,,
11421,2002,2467,,,
11421,2003,2136,,,
11421,2004,1903,,,
11421,2005,1897,,,
11421,2006,1853,,,
11421,2007,1703,,,
11421,2008,1708,,,
11421,2009,1611,,,
11421,2010,1534,,,
11421,2011,1529,,"78,375",3.3
11418,2001,2642,,,
11418,2002,2467,44.8,,
11418,2003,2136,46,,
11418,2004,1903,41.2,,
11418,2005,1897,45.4,,
11418,2006,1853,57.4,,
11418,2007,1703,60.2,,
11418,2008,1708,57.9,,
11418,2009,1611,63.6,,
11418,2010,1534,52.3,,
11418,2011,1529,55.5,"72,887",3.25
11416,2001,2642,,,
11416,2002,2467,,,
11416,2003,2136,,,
11416,2004,1903,,,
11416,2005,1897,,,
11416,2006,1853,91.5,,
11416,2007,1703,96.3,,
11416,2008,1708,98.2,,
11416,2009,1611,94.4,,
11416,2010,1534,95.3,,
11416,2011,1529,94.4,"73,653",3.43
11419,2001,2642,,,
11419,2002,2467,,,
11419,2003,2136,,,
11419,2004,1903,,,
11419,2005,1897,,,
11419,2006,1853,,,
11419,2007,1703,,,
11419,2008,1708,,,
11419,2009,1611,,,
11419,2010,1534,,,
11419,2011,1529,,"68,973",3.72
11424,2001,2642,,,
11424,2002,2467,,,
11424,2003,2136,,,
11424,2004,1903,,,
11424,2005,1897,,,
11424,2006,1853,,,
11424,2007,1703,,,
11424,2008,1708,,,
11424,2009,1611,,,
11424,2010,1534,,,
11424,2011,1529,,0,0
11423,2001,2585,,,
11423,2002,2306,,,
11423,2003,2100,,,
11423,2004,2012,,,
11423,2005,1980,,,
11423,2006,1956,,,
11423,2007,1900,,,
11423,2008,1852,,,
11423,2009,1761,75.2,,
11423,2010,1703,79.7,,
11423,2011,1702,74.1,"78,204",3.1
11432,2001,2585,,,
11432,2002,2306,68.5,,
11432,2003,2100,68.6,,
11432,2004,2012,73.1,,
11432,2005,1980,74.2,,
11432,2006,1956,76.4,,
11432,2007,1900,74.8,,
11432,2008,1852,74.9,,
11432,2009,1761,74.5,,
11432,2010,1703,71.34,,
11432,2011,1702,80.5,"67,770",3.06
11435,2001,2585,,,
11435,2002,2306,,,
11435,2003,2100,,,
11435,2004,2012,,,
11435,2005,1980,,,
11435,2006,1956,,,
11435,2007,1900,,,
11435,2008,1852,,,
11435,2009,1761,,,
11435,2010,1703,,,
11435,2011,1702,,"65,791",2.97
11405,2001,2585,,,
11405,2002,2306,,,
11405,2003,2100,,,
11405,2004,2012,,,
11405,2005,1980,,,
11405,2006,1956,,,
11405,2007,1900,,,
11405,2008,1852,,,
11405,2009,1761,,,
11405,2010,1703,,,
11405,2011,1702,,0,0
11431,2001,2585,,,
11431,2002,2306,,,
11431,2003,2100,,,
11431,2004,2012,,,
11431,2005,1980,,,
11431,2006,1956,,,
11431,2007,1900,,,
11431,2008,1852,,,
11431,2009,1761,,,
11431,2010,1703,,,
11431,2011,1702,,0,0
11433,2001,2585,,,
11433,2002,2306,,,
11433,2003,2100,,,
11433,2004,2012,,,
11433,2005,1980,,,
11433,2006,1956,,,
11433,2007,1900,,,
11433,2008,1852,,,
11433,2009,1761,,,
11433,2010,1703,,,
11433,2011,1702,,"58,601",3.12
11439,2001,2585,,,
11439,2002,2306,,,
11439,2003,2100,,,
11439,2004,2012,,,
11439,2005,1980,,,
11439,2006,1956,,,
11439,2007,1900,,,
11439,2008,1852,,,
11439,2009,1761,,,
11439,2010,1703,,,
11439,2011,1702,,0,0
11451,2001,2585,,,
11451,2002,2306,88.9,,
11451,2003,2100,96,,
11451,2004,2012,90.8,,
11451,2005,1980,93.5,,
11451,2006,1956,97.2,,
11451,2007,1900,65.6,,
11451,2008,1852,,,
11451,2009,1761,79.1,,
11451,2010,1703,100,,
11451,2011,1702,97.9,0,0
11499,2001,2585,,,
11499,2002,2306,,,
11499,2003,2100,,,
11499,2004,2012,,,
11499,2005,1980,,,
11499,2006,1956,,,
11499,2007,1900,,,
11499,2008,1852,,,
11499,2009,1761,,,
11499,2010,1703,,,
11499,2011,1702,,0,0
11379,2001,2854,,,
11379,2002,2707,,,
11379,2003,2513,,,
11379,2004,2263,,,
11379,2005,2008,,,
11379,2006,1980,,,
11379,2007,1713,,,
11379,2008,1737,,,
11379,2009,1725,,,
11379,2010,1751,,,
11379,2011,1722,,"84,041",2.48
11381,2001,2854,,,
11381,2002,2707,,,
11381,2003,2513,,,
11381,2004,2263,,,
11381,2005,2008,,,
11381,2006,1980,,,
11381,2007,1713,,,
11381,2008,1737,,,
11381,2009,1725,,,
11381,2010,1751,,,
11381,2011,1722,,0,0
11385,2001,2854,,,
11385,2002,2707,47,,
11385,2003,2513,50.9,,
11385,2004,2263,54.7,,
11385,2005,2008,50.8,,
11385,2006,1980,61.7,,
11385,2007,1713,57.2,,
11385,2008,1737,59.5,,
11385,2009,1725,78.2,,
11385,2010,1751,58.6,,
11385,2011,1722,62.6,"66,944",2.83
11426,2001,2791,,,
11426,2002,2630,83.1,,
11426,2003,2591,85.9,,
11426,2004,2336,82.9,,
11426,2005,2250,80.7,,
11426,2006,2222,86.5,,
11426,2007,2144,88.5,,
11426,2008,2007,89.2,,
11426,2009,1881,69.5,,
11426,2010,1860,90.1,,
11426,2011,2018,90.9,"96,119",2.88
11427,2001,2791,,,
11427,2002,2630,65,,
11427,2003,2591,68.2,,
11427,2004,2336,71.3,,
11427,2005,2250,67.4,,
11427,2006,2222,68.7,,
11427,2007,2144,57.1,,
11427,2008,2007,52.8,,
11427,2009,1881,86.2,,
11427,2010,1860,55.3,,
11427,2011,2018,55.9,"85,937",2.96
11428,2001,2791,,,
11428,2002,2630,,,
11428,2003,2591,,,
11428,2004,2336,,,
11428,2005,2250,,,
11428,2006,2222,,,
11428,2007,2144,,,
11428,2008,2007,,,
11428,2009,1881,,,
11428,2010,1860,,,
11428,2011,2018,,"77,377",3.46
11429,2001,2791,,,
11429,2002,2630,,,
11429,2003,2591,,,
11429,2004,2336,,,
11429,2005,2250,,,
11429,2006,2222,,,
11429,2007,2144,,,
11429,2008,2007,,,
11429,2009,1881,,,
11429,2010,1860,,,
11429,2011,2018,,"83,725",3.42
11411,2001,2791,,,
11411,2002,2630,56.6,,
11411,2003,2591,58.7,,
11411,2004,2336,63.9,,
11411,2005,2250,64,,
11411,2006,2222,67.8,,
11411,2007,2144,60.3,,
11411,2008,2007,59.8,,
11411,2009,1881,62.4,,
11411,2010,1860,57.63,,
11411,2011,2018,66.5,"93,666",3.15
11413,2001,2791,,,
11413,2002,2630,54.4,,
11413,2003,2591,47.4,,
11413,2004,2336,77.4,,
11413,2005,2250,77.4,,
11413,2006,2222,79.6,,
11413,2007,2144,75.5,,
11413,2008,2007,77.1,,
11413,2009,1881,78.2,,
11413,2010,1860,79.35,,
11413,2011,2018,73.7,"91,263",3.16
11422,2001,2791,,,
11422,2002,2630,,,
11422,2003,2591,,,
11422,2004,2336,,,
11422,2005,2250,,,
11422,2006,2222,,,
11422,2007,2144,,,
11422,2008,2007,,,
11422,2009,1881,,,
11422,2010,1860,,,
11422,2011,2018,,"92,001",3.23
11005,2001,2791,,,
11005,2002,2630,,,
11005,2003,2591,,,
11005,2004,2336,,,
11005,2005,2250,,,
11005,2006,2222,,,
11005,2007,2144,,,
11005,2008,2007,,,
11005,2009,1881,,,
11005,2010,1860,,,
11005,2011,2018,,"92,034",1.33
11001,2001,2791,,,
11001,2002,2630,,,
11001,2003,2591,,,
11001,2004,2336,,,
11001,2005,2250,,,
11001,2006,2222,,,
11001,2007,2144,,,
11001,2008,2007,,,
11001,2009,1881,,,
11001,2010,1860,,,
11001,2011,2018,85.64,"119,250",2.92
11002,2001,2791,,,
11002,2002,2630,,,
11002,2003,2591,,,
11002,2004,2336,,,
11002,2005,2250,,,
11002,2006,2222,,,
11002,2007,2144,,,
11002,2008,2007,,,
11002,2009,1881,,,
11002,2010,1860,,,
11002,2011,2018,95.9,0,0
11004,2001,2791,,,
11004,2002,2630,,,
11004,2003,2591,,,
11004,2004,2336,,,
11004,2005,2250,,,
11004,2006,2222,,,
11004,2007,2144,,,
11004,2008,2007,,,
11004,2009,1881,,,
11004,2010,1860,,,
11004,2011,2018,,"95,851",2.58
11414,2001,2179,,,
11414,2002,1689,,,
11414,2003,1390,,,
11414,2004,1604,,,
11414,2005,1627,,,
11414,2006,1696,,,
11414,2007,1584,,,
11414,2008,1552,,,
11414,2009,1399,,,
11414,2010,1432,,,
11414,2011,1493,,"90,543",2.44
11417,2001,2179,,,
11417,2002,1689,45.1,,
11417,2003,1390,43.6,,
11417,2004,1604,40.6,,
11417,2005,1627,46.8,,
11417,2006,1696,63.4,,
11417,2007,1584,53.4,,
11417,2008,1552,62.6,,
11417,2009,1399,63,,
11417,2010,1432,74.5,,
11417,2011,1493,60.15,"77,103",3.14
11420,2001,2179,,,
11420,2002,1689,,,
11420,2003,1390,,,
11420,2004,1604,,,
11420,2005,1627,,,
11420,2006,1696,,,
11420,2007,1584,,,
11420,2008,1552,,,
11420,2009,1399,,,
11420,2010,1432,,,
11420,2011,1493,,"76,420",3.43
11365,2001,2574,,,
11365,2002,2480,72.9,,
11365,2003,2449,77.1,,
11365,2004,2248,78.4,,
11365,2005,2048,78.2,,
11365,2006,1982,84.9,,
11365,2007,1760,88.9,,
11365,2008,1624,86.4,,
11365,2009,1349,64.2,,
11365,2010,1325,86.1,,
11365,2011,1291,87.7,"74,919",2.72
11366,2001,2574,,,
11366,2002,2480,64.6,,
11366,2003,2449,76.8,,
11366,2004,2248,69,,
11366,2005,2048,75.9,,
11366,2006,1982,59.7,,
11366,2007,1760,77.3,,
11366,2008,1624,71.7,,
11366,2009,1349,68.8,,
11366,2010,1325,88.35,,
11366,2011,1291,72.1,"93,798",2.96
11367,2001,2574,,,
11367,2002,2480,51,,
11367,2003,2449,56.5,,
11367,2004,2248,67.5,,
11367,2005,2048,67,,
11367,2006,1982,53.5,,
11367,2007,1760,,,
11367,2008,1624,92.2,,
11367,2009,1349,87.8,,
11367,2010,1325,58.56,,
11367,2011,1291,54.5,"72,653",2.68
11425,2001,2574,,,
11425,2002,2480,,,
11425,2003,2449,,,
11425,2004,2248,,,
11425,2005,2048,,,
11425,2006,1982,,,
11425,2007,1760,,,
11425,2008,1624,,,
11425,2009,1349,,,
11425,2010,1325,,,
11425,2011,1291,,0,0
11101,2001,2318,54.2,,
11101,2002,2390,59.3,,
11101,2003,2224,61.8,,
11101,2004,2002,73.3,,
11101,2005,1695,73.3,,
11101,2006,1584,71.8,,
11101,2007,1443,73.3,,
11101,2008,1357,71.9,,
11101,2009,1218,72,,
11101,2010,1254,83.1,,
11101,2011,1267,,"73,313",2.38
11104,2001,2318,,,
11104,2002,2390,,,
11104,2003,2224,,,
11104,2004,2002,,,
11104,2005,1695,,,
11104,2006,1584,,,
11104,2007,1443,,,
11104,2008,1357,,,
11104,2009,1218,,,
11104,2010,1254,,,
11104,2011,1267,,"71,040",2.3
11377,2001,2318,,,
11377,2002,2390,,,
11377,2003,2224,,,
11377,2004,2002,,,
11377,2005,1695,,,
11377,2006,1584,,,
11377,2007,1443,,,
11377,2008,1357,,,
11377,2009,1218,,,
11377,2010,1254,,,
11377,2011,1267,,"63,387",2.85
11378,2001,2318,,,
11378,2002,2390,,,
11378,2003,2224,,,
11378,2004,2002,,,
11378,2005,1695,,,
11378,2006,1584,,,
11378,2007,1443,,,
11378,2008,1357,,,
11378,2009,1218,,,
11378,2010,1254,,,
11378,2011,1267,,"69,886",2.72
11109,2001,2318,,,
11109,2002,2390,,,
11109,2003,2224,,,
11109,2004,2002,,,
11109,2005,1695,,,
11109,2006,1584,,,
11109,2007,1443,,,
11109,2008,1357,,,
11109,2009,1218,,,
11109,2010,1254,,,
11109,2011,1267,,"164,048",1.78
11354,2001,3914,,,
11354,2002,4022,41.8,,
11354,2003,3630,47.1,,
11354,2004,3148,49.3,,
11354,2005,2702,51.9,,
11354,2006,2448,61.9,,
11354,2007,2256,59,,
11354,2008,2243,54.6,,
11354,2009,2018,100,,
11354,2010,1910,57.4,,
11354,2011,1899,57.9,"63,883",2.64
11355,2001,3914,,,
11355,2002,4022,,,
11355,2003,3630,,,
11355,2004,3148,64.8,,
11355,2005,2702,69.7,,
11355,2006,2448,73.5,,
11355,2007,2256,76.5,,
11355,2008,2243,84.4,,
11355,2009,2018,89.4,,
11355,2010,1910,80.65,,
11355,2011,1899,,"56,359",2.96
11356,2001,3914,,,
11356,2002,4022,,,
11356,2003,3630,,,
11356,2004,3148,,,
11356,2005,2702,,,
11356,2006,2448,,,
11356,2007,2256,,,
11356,2008,2243,,,
11356,2009,2018,,,
11356,2010,1910,,,
11356,2011,1899,,"73,994",3.02
11357,2001,3914,,,
11357,2002,4022,,,
11357,2003,3630,,,
11357,2004,3148,,,
11357,2005,2702,,,
11357,2006,2448,,,
11357,2007,2256,,,
11357,2008,2243,,,
11357,2009,2018,,,
11357,2010,1910,,,
11357,2011,1899,,"91,409",2.56
11358,2001,3914,,,
11358,2002,4022,,,
11358,2003,3630,,,
11358,2004,3148,,,
11358,2005,2702,,,
11358,2006,2448,89,,
11358,2007,2256,90.1,,
11358,2008,2243,,,
11358,2009,2018,,,
11358,2010,1910,,,
11358,2011,1899,,"82,641",2.8
11359,2001,3914,,,
11359,2002,4022,,,
11359,2003,3630,,,
11359,2004,3148,,,
11359,2005,2702,,,
11359,2006,2448,,,
11359,2007,2256,,,
11359,2008,2243,,,
11359,2009,2018,,,
11359,2010,1910,,,
11359,2011,1899,,0,0
11360,2001,3914,,,
11360,2002,4022,,,
11360,2003,3630,,,
11360,2004,3148,,,
11360,2005,2702,,,
11360,2006,2448,,,
11360,2007,2256,,,
11360,2008,2243,,,
11360,2009,2018,,,
11360,2010,1910,,,
11360,2011,1899,,"99,142",2.15
11351,2001,3914,,,
11351,2002,4022,,,
11351,2003,3630,,,
11351,2004,3148,,,
11351,2005,2702,,,
11351,2006,2448,,,
11351,2007,2256,,,
11351,2008,2243,,,
11351,2009,2018,,,
11351,2010,1910,,,
11351,2011,1899,,0,0
11352,2001,3914,,,
11352,2002,4022,,,
11352,2003,3630,,,
11352,2004,3148,,,
11352,2005,2702,,,
11352,2006,2448,,,
11352,2007,2256,,,
11352,2008,2243,,,
11352,2009,2018,,,
11352,2010,1910,,,
11352,2011,1899,,0,0
11386,2001,3914,,,
11386,2002,4022,,,
11386,2003,3630,,,
11386,2004,3148,,,
11386,2005,2702,,,
11386,2006,2448,,,
11386,2007,2256,,,
11386,2008,2243,,,
11386,2009,2018,,,
11386,2010,1910,,,
11386,2011,1899,,0,0
11390,2001,3914,,,
11390,2002,4022,,,
11390,2003,3630,,,
11390,2004,3148,,,
11390,2005,2702,,,
11390,2006,2448,,,
11390,2007,2256,,,
11390,2008,2243,,,
11390,2009,2018,,,
11390,2010,1910,,,
11390,2011,1899,,0,0
11368,2001,2619,,,
11368,2002,2673,50.8,,
11368,2003,2477,63.1,,
11368,2004,2390,56.4,,
11368,2005,2331,61.6,,
11368,2006,2160,70.6,,
11368,2007,2007,83.1,,
11368,2008,1961,83.6,,
11368,2009,1701,73.9,,
11368,2010,1637,85.2,,
11368,2011,1613,90.4,"56,401",3.77
11373,2001,2619,,,
11373,2002,2673,43.2,,
11373,2003,2477,42.7,,
11373,2004,2390,46,,
11373,2005,2331,72.8,,
11373,2006,2160,65.7,,
11373,2007,2007,69.3,,
11373,2008,1961,67.6,,
11373,2009,1701,67.9,,
11373,2010,1637,52.2,,
11373,2011,1613,77.4,"65,470",3.21
11380,2001,2619,,,
11380,2002,2673,,,
11380,2003,2477,,,
11380,2004,2390,,,
11380,2005,2331,,,
11380,2006,2160,,,
11380,2007,2007,,,
11380,2008,1961,,,
11380,2009,1701,,,
11380,2010,1637,,,
11380,2011,1613,,0,0
11362,2001,1540,,,
11362,2002,1507,,,
11362,2003,1515,,,
11362,2004,1366,,,
11362,2005,1176,,,
11362,2006,1196,,,
11362,2007,1005,,,
11362,2008,1033,,,
11362,2009,938,,,
11362,2010,891,,,
11362,2011,830,,"94,462",2.51
11363,2001,1540,,,
11363,2002,1507,,,
11363,2003,1515,,,
11363,2004,1366,,,
11363,2005,1176,,,
11363,2006,1196,,,
11363,2007,1005,,,
11363,2008,1033,,,
11363,2009,938,,,
11363,2010,891,,,
11363,2011,830,,"124,271",2.62
11364,2001,1540,,,
11364,2002,1507,79,,
11364,2003,1515,80.6,,
11364,2004,1366,80.9,,
11364,2005,1176,77.3,,
11364,2006,1196,83.4,,
11364,2007,1005,84.3,,
11364,2008,1033,86.4,,
11364,2009,938,87.6,,
11364,2010,891,84.2,,
11364,2011,830,90.8,"86,922",2.6
11361,2001,1540,,,
11361,2002,1507,69.5,,
11361,2003,1515,71.2,,
11361,2004,1366,70.3,,
11361,2005,1176,78.7,,
11361,2006,1196,83.4,,
11361,2007,1005,91.4,,
11361,2008,1033,,,
11361,2009,938,,,
11361,2010,891,90.4,,
11361,2011,830,92,"92,549",2.64
11374,2001,1971,,,
11374,2002,1829,,,
11374,2003,1465,,,
11374,2004,1675,,,
11374,2005,1573,,,
11374,2006,1395,,,
11374,2007,1182,,,
11374,2008,1066,,,
11374,2009,871,,,
11374,2010,795,,,
11374,2011,925,,"68,255",2.26
11375,2001,1971,,,
11375,2002,1829,70.9,,
11375,2003,1465,72.8,,
11375,2004,1675,74.4,,
11375,2005,1573,80.1,,
11375,2006,1395,86.9,,
11375,2007,1182,87.2,,
11375,2008,1066,86.5,,
11375,2009,871,76.5,,
11375,2010,795,86.8,,
11375,2011,925,86.7,"94,340",2.1
11412,2001,2666,,,
11412,2002,2294,,,
11412,2003,2094,,,
11412,2004,2165,,,
11412,2005,2158,73.7,,
11412,2006,2180,82.6,,
11412,2007,2272,78.8,,
11412,2008,2283,75,,
11412,2009,1993,68.4,,
11412,2010,2138,83.6,,
11412,2011,2366,70.1,"80,823",3.25
11434,2001,2666,,,
11434,2002,2294,60.1,,
11434,2003,2094,60.3,,
11434,2004,2165,70.7,,
11434,2005,2158,70.8,,
11434,2006,2180,72.3,,
11434,2007,2272,64.4,,
11434,2008,2283,69.5,,
11434,2009,1993,70.8,,
11434,2010,2138,42.48,,
11434,2011,2366,71.3,"70,272",2.84
11436,2001,2666,,,
11436,2002,2294,5.4,,
11436,2003,2094,8.2,,
11436,2004,2165,20.7,,
11436,2005,2158,48.2,,
11436,2006,2180,8.2,,
11436,2007,2272,63.9,,
11436,2008,2283,22.7,,
11436,2009,1993,74.2,,
11436,2010,2138,18.4,,
11436,2011,2366,10.8,"74,994",3.32
11430,2001,2666,,,
11430,2002,2294,,,
11430,2003,2094,,,
11430,2004,2165,,,
11430,2005,2158,,,
11430,2006,2180,,,
11430,2007,2272,,,
11430,2008,2283,,,
11430,2009,1993,,,
11430,2010,2138,,,
11430,2011,2366,,0,0
11102,2001,3528,,,
11102,2002,3291,,,
11102,2003,2751,,,
11102,2004,2899,,,
11102,2005,2766,,,
11102,2006,2502,,,
11102,2007,2358,,,
11102,2008,2249,,,
11102,2009,2047,,,
11102,2010,2027,,,
11102,2011,2010,,"68,309",2.4
11103,2001,3528,53.9,,
11103,2002,3291,46.8,,
11103,2003,2751,50.2,,
11103,2004,2899,49.1,,
11103,2005,2766,52.5,,
11103,2006,2502,50.2,,
11103,2007,2358,63,,
11103,2008,2249,65.5,,
11103,2009,2047,66.3,,
11103,2010,2027,68.8,,
11103,2011,2010,,"72,396",2.29
11105,2001,3528,,,
11105,2002,3291,,,
11105,2003,2751,,,
11105,2004,2899,,,
11105,2005,2766,,,
11105,2006,2502,,,
11105,2007,2358,,,
11105,2008,2249,,,
11105,2009,2047,,,
11105,2010,2027,,,
11105,2011,2010,,"75,740",2.27
11106,2001,3528,55.2,,
11106,2002,3291,72.5,,
11106,2003,2751,72.1,,
11106,2004,2899,80,,
11106,2005,2766,80.5,,
11106,2006,2502,80.3,,
11106,2007,2358,76.8,,
11106,2008,2249,83.1,,
11106,2009,2047,85.2,,
11106,2010,2027,80.95,,
11106,2011,2010,,"68,551",2.26
10044,2001,3528,,,
10044,2002,3291,,,
10044,2003,2751,,,
10044,2004,2899,,,
10044,2005,2766,,,
10044,2006,2502,,,
10044,2007,2358,,,
10044,2008,2249,,,
10044,2009,2047,,,
10044,2010,2027,,,
10044,2011,2010,,"112,172",2.17
11369,2001,2816,,,
11369,2002,2830,,,
11369,2003,2367,,,
11369,2004,2339,,,
11369,2005,2253,,,
11369,2006,2169,,,
11369,2007,1945,,,
11369,2008,1913,,,
11369,2009,1774,,,
11369,2010,1760,,,
11369,2011,1839,,"67,335",3.36
11370,2001,2816,,,
11370,2002,2830,,,
11370,2003,2367,,,
11370,2004,2339,,,
11370,2005,2253,,,
11370,2006,2169,,,
11370,2007,1945,,,
11370,2008,1913,,,
11370,2009,1774,,,
11370,2010,1760,,,
11370,2011,1839,,"69,161",3.03
11372,2001,2816,,,
11372,2002,2830,,,
11372,2003,2367,,,
11372,2004,2339,,,
11372,2005,2253,,,
11372,2006,2169,,,
11372,2007,1945,,,
11372,2008,1913,,,
11372,2009,1774,,,
11372,2010,1760,,,
11372,2011,1839,,"62,444",2.77
11371,2001,2816,,,
11371,2002,2830,,,
11371,2003,2367,,,
11371,2004,2339,,,
11371,2005,2253,,,
11371,2006,2169,,,
11371,2007,1945,,,
11371,2008,1913,,,
11371,2009,1774,,,
11371,2010,1760,,,
11371,2011,1839,,0,0
10310,2001,2048,,,
10310,2002,1968,,,
10310,2003,1738,,,
10310,2004,1785,,,
10310,2005,1812,,,
10310,2006,1722,,,
10310,2007,1706,,,
10310,2008,1692,,,
10310,2009,1505,,,
10310,2010,1547,,,
10310,2011,1630,,"78,919",2.98
10301,2001,2048,54.6,,
10301,2002,1968,63.3,,
10301,2003,1738,66.6,,
10301,2004,1785,71.9,,
10301,2005,1812,71.6,,
10301,2006,1722,69.8,,
10301,2007,1706,68.8,,
10301,2008,1692,62,,
10301,2009,1505,67.8,,
10301,2010,1547,82.37,,
10301,2011,1452,74.67,"76,813",2.51
10303,2001,,,,
10303,2002,,,,
10303,2003,,,,
10303,2004,,,,
10303,2005,,,,
10303,2006,,,,
10303,2007,,,,
10303,2008,,,,
10303,2009,,,,
10303,2010,,,,
10303,2011,,,"67,301",3.19
10302,2001,,54.5,,
10302,2002,,57,,
10302,2003,,62.3,,
10302,2004,,62.9,,
10302,2005,,56.4,,
10302,2006,,65.7,,
10302,2007,,62.6,,
10302,2008,,60.1,,
10302,2009,,70.3,,
10302,2010,,67.5,,
10302,2011,,62.8,"68,842",3.16
10314,2001,,54.7,,
10314,2002,,73.1,,
10314,2003,,73.4,,
10314,2004,,70.2,,
10314,2005,,80.6,,
10314,2006,,79.8,,
10314,2007,,79.5,,
10314,2008,,78.8,,
10314,2009,,75.7,,
10314,2010,,88.67,,
10314,2011,,85.73,"94,547",2.74
10306,2001,1434,54.7,,
10306,2002,1354,,,
10306,2003,1252,,,
10306,2004,1356,70.1,,
10306,2005,1284,70.4,,
10306,2006,1203,71,,
10306,2007,1259,68.9,,
10306,2008,1257,69.9,,
10306,2009,1079,70,,
10306,2010,1008,88.85,,
10306,2011,1007,88.5,"94,614",2.66
10308,2001,1434,,,
10308,2002,1354,,,
10308,2003,1252,,,
10308,2004,1356,,,
10308,2005,1284,,,
10308,2006,1203,,,
10308,2007,1259,,,
10308,2008,1257,,,
10308,2009,1079,,,
10308,2010,1008,,,
10308,2011,1007,,"101,261",2.69
10304,2001,1434,54.6,,
10304,2002,1354,17.3,,
10304,2003,1252,23.4,,
10304,2004,1356,26.9,,
10304,2005,1284,27.5,,
10304,2006,1203,36.5,,
10304,2007,1259,25,,
10304,2008,1257,82.8,,
10304,2009,1079,81.5,,
10304,2010,1008,85.2,,
10304,2011,1007,87.6,"79,892",2.84
10305,2001,1434,,,
10305,2002,1354,,,
10305,2003,1252,,,
10305,2004,1356,,,
10305,2005,1284,,,
10305,2006,1203,,,
10305,2007,1259,,,
10305,2008,1257,,,
10305,2009,1079,,,
10305,2010,1008,,,
10305,2011,1007,,"83,184",2.71
10307,2001,514,,,
10307,2002,495,,,
10307,2003,467,,,
10307,2004,464,,,
10307,2005,570,,,
10307,2006,475,,,
10307,2007,496,,,
10307,2008,515,,,
10307,2009,414,,,
10307,2010,371,,,
10307,2011,413,,"104,973",2.86
10309,2001,514,,,
10309,2002,495,,,
10309,2003,467,,,
10309,2004,464,,,
10309,2005,570,,,
10309,2006,475,,,
10309,2007,496,,,
10309,2008,515,,,
10309,2009,414,,,
10309,2010,371,,,
10309,2011,413,,"111,477",2.87
10312,2001,514,54.6,,
10312,2002,495,78.2,,
10312,2003,467,76.1,,
10312,2004,464,79,,
10312,2005,570,82.3,,
10312,2006,475,83.8,,
10312,2007,496,84.4,,
10312,2008,515,82.8,,
10312,2009,414,81.5,,
10312,2010,371,85.2,,
10312,2011,413,87.6,"103,272",2.82
